group_id,model,target_UTS,eval_idx,loss
2,physics,191.8555654585095,1,4494.370225845504
2,physics,191.8555654585095,2,4494.370230164088
2,physics,191.8555654585095,3,4494.370226027523
2,physics,191.8555654585095,4,4048.860653685793
2,physics,191.8555654585095,5,4048.860653097975
2,physics,191.8555654585095,6,4048.860653674323
2,physics,191.8555654585095,7,2459.9433559622034
2,physics,191.8555654585095,8,2459.943355378857
2,physics,191.8555654585095,9,2459.943355939852
2,physics,191.8555654585095,10,65.62087765154007
2,physics,191.8555654585095,11,65.62087764496916
2,physics,191.8555654585095,12,65.62087764259635
2,physics,191.8555654585095,13,63.530864058602106
2,physics,191.8555654585095,14,63.5308640553694
2,physics,191.8555654585095,15,63.53086405159798
2,physics,191.8555654585095,16,59.07360675962743
2,physics,191.8555654585095,17,59.073606760839816
2,physics,191.8555654585095,18,59.073606752354
2,physics,191.8555654585095,19,39.49853596608847
2,physics,191.8555654585095,20,39.498535980249095
2,physics,191.8555654585095,21,39.4985359614153
2,baseline,191.8555654585095,1,397.15741986344676
2,baseline,191.8555654585095,2,397.15741996682124
2,baseline,191.8555654585095,3,397.15741985254334
2,baseline,191.8555654585095,4,293.3012463598656
2,baseline,191.8555654585095,5,293.30124645397217
2,baseline,191.8555654585095,6,293.3012463493391
2,baseline,191.8555654585095,7,110.91563933606363
2,baseline,191.8555654585095,8,110.91563926066304
2,baseline,191.8555654585095,9,110.91563933363908
2,baseline,191.8555654585095,10,16.30939836608146
2,baseline,191.8555654585095,11,16.309398371180023
2,baseline,191.8555654585095,12,16.30939836344265
2,baseline,191.8555654585095,13,14.611081669888488
2,baseline,191.8555654585095,14,14.611081672830254
2,baseline,191.8555654585095,15,14.611081667517302
2,baseline,191.8555654585095,16,12.585564272418775
2,baseline,191.8555654585095,17,12.585564271816825
2,baseline,191.8555654585095,18,12.585564270407838
2,baseline,191.8555654585095,19,11.485160502052317
2,baseline,191.8555654585095,20,11.48516050016251
2,baseline,191.8555654585095,21,11.485160500250737
13,physics,224.259948566767,1,9889.198127004907
13,physics,224.259948566767,2,9889.198133410915
13,physics,224.259948566767,3,9889.198127274905
13,physics,224.259948566767,4,977.4871752681454
13,physics,224.259948566767,5,977.4871749881283
13,physics,224.259948566767,6,977.4871752692028
13,physics,224.259948566767,7,718.9787715918277
13,physics,224.259948566767,8,718.9787713139151
13,physics,224.259948566767,9,718.9787715909208
13,physics,224.259948566767,10,36.15913895975685
13,physics,224.259948566767,11,36.159138890928936
13,physics,224.259948566767,12,36.15913895894402
13,physics,224.259948566767,13,5.192884718090553
13,physics,224.259948566767,14,5.192884742222649
13,physics,224.259948566767,15,5.192884718604026
13,physics,224.259948566767,16,0.03453586762695721
13,physics,224.259948566767,17,0.03453586970383021
13,physics,224.259948566767,18,0.034535867668831655
13,physics,224.259948566767,19,0.0001939478664374005
13,physics,224.259948566767,20,0.00019394771299483738
13,physics,224.259948566767,21,0.0001939478617303637
13,baseline,224.259948566767,1,155.63995452337505
13,baseline,224.259948566767,2,155.6399544586619
13,baseline,224.259948566767,3,155.63995453020067
13,baseline,224.259948566767,4,117.3969597828886
13,baseline,224.259948566767,5,117.3969597305379
13,baseline,224.259948566767,6,117.39695978853392
13,baseline,224.259948566767,7,30.460534369874914
13,baseline,224.259948566767,8,30.460534355224276
13,baseline,224.259948566767,9,30.460534372400712
13,baseline,224.259948566767,10,18.6495586913185
13,baseline,224.259948566767,11,18.64955868414241
13,baseline,224.259948566767,12,18.649558693155175
13,baseline,224.259948566767,13,13.087834310415793
13,baseline,224.259948566767,14,13.087834307822634
13,baseline,224.259948566767,15,13.08783431203071
13,baseline,224.259948566767,16,11.105863234266113
13,baseline,224.259948566767,17,11.105863233807307
13,baseline,224.259948566767,18,11.105863235773814
13,baseline,224.259948566767,19,9.559683140480116
13,baseline,224.259948566767,20,9.55968314130967
13,baseline,224.259948566767,21,9.559683141974716
18,physics,218.20565140402385,1,8721.720169144806
18,physics,218.20565140402385,2,8721.720175160808
18,physics,218.20565140402385,3,8721.720169398368
18,physics,218.20565140402385,4,1392.7519625336552
18,physics,218.20565140402385,5,1392.7519621914205
18,physics,218.20565140402385,6,1392.7519625332352
18,physics,218.20565140402385,7,991.0302495961356
18,physics,218.20565140402385,8,991.0302492556663
18,physics,218.20565140402385,9,991.0302495897525
18,physics,218.20565140402385,10,22.58196126853483
18,physics,218.20565140402385,11,22.581961216819305
18,physics,218.20565140402385,12,22.581961267892478
18,physics,218.20565140402385,13,0.43750395608108705
18,physics,218.20565140402385,14,0.43750396257894497
18,physics,218.20565140402385,15,0.43750395620031207
18,physics,218.20565140402385,16,0.006916328027765613
18,physics,218.20565140402385,17,0.006916328870988222
18,physics,218.20565140402385,18,0.00691632805212566
18,physics,218.20565140402385,19,1.4390459365364919e-05
18,physics,218.20565140402385,20,1.4390421586288521e-05
18,physics,218.20565140402385,21,1.4390459108975929e-05
18,baseline,218.20565140402385,1,41.23280028374375
18,baseline,218.20565140402385,2,41.23280025043537
18,baseline,218.20565140402385,3,41.23280028725694
18,baseline,218.20565140402385,4,30.947912813052916
18,baseline,218.20565140402385,5,30.947912785081254
18,baseline,218.20565140402385,6,30.947912816049463
18,baseline,218.20565140402385,7,2.6335796594847363
18,baseline,218.20565140402385,8,2.6335796533017723
18,baseline,218.20565140402385,9,2.6335796602799997
18,baseline,218.20565140402385,10,0.5090625147132692
18,baseline,218.20565140402385,11,0.5090625123033727
18,baseline,218.20565140402385,12,0.5090625150503385
18,baseline,218.20565140402385,13,0.03505023225018996
18,baseline,218.20565140402385,14,0.035050231670038144
18,baseline,218.20565140402385,15,0.03505023233520936
18,baseline,218.20565140402385,16,0.0008718673319282942
18,baseline,218.20565140402385,17,0.0008718672426958002
18,baseline,218.20565140402385,18,0.0008718673457955519
18,baseline,218.20565140402385,19,1.7044327783683954e-06
18,baseline,218.20565140402385,20,1.7044288550410416e-06
18,baseline,218.20565140402385,21,1.7044333776990315e-06
21,physics,222.7159853400751,1,9584.504809552613
21,physics,222.7159853400751,2,9584.50481585916
21,physics,222.7159853400751,3,9584.50480981842
21,physics,222.7159853400751,4,1076.4439208008796
21,physics,222.7159853400751,5,1076.4439205040724
21,physics,222.7159853400751,6,1076.4439208005103
21,physics,222.7159853400751,7,784.2433887537911
21,physics,222.7159853400751,8,784.2433884569135
21,physics,222.7159853400751,9,784.2433887493753
21,physics,222.7159853400751,10,31.710385747654044
21,physics,222.7159853400751,11,31.710385684214113
21,physics,222.7159853400751,12,31.71038574625842
21,physics,222.7159853400751,13,2.900932322209784
21,physics,222.7159853400751,14,2.900932340208245
21,physics,222.7159853400751,15,2.900932322401674
21,physics,222.7159853400751,16,0.018271037651295174
21,physics,222.7159853400751,17,0.01827103911623274
21,physics,222.7159853400751,18,0.018271037681752755
21,physics,222.7159853400751,19,3.1367716519938596e-05
21,physics,222.7159853400751,20,3.136765556886782e-05
21,physics,222.7159853400751,21,3.136771525795042e-05
21,baseline,222.7159853400751,1,119.50012101606424
21,baseline,222.7159853400751,2,119.5001209593599
21,baseline,222.7159853400751,3,119.50012102204512
21,baseline,222.7159853400751,4,90.02009841533719
21,baseline,222.7159853400751,5,90.02009836886093
21,baseline,222.7159853400751,6,90.02009842040145
21,baseline,222.7159853400751,7,18.609775563167
21,baseline,222.7159853400751,8,18.609775550777158
21,baseline,222.7159853400751,9,18.60977556509882
21,baseline,222.7159853400751,10,9.782609607079808
21,baseline,222.7159853400751,11,9.78260960083191
21,baseline,222.7159853400751,12,9.782609608462836
21,baseline,222.7159853400751,13,5.3252101666940765
21,baseline,222.7159853400751,14,5.325210164097613
21,baseline,222.7159853400751,15,5.325210167686934
21,baseline,222.7159853400751,16,3.7069510105811365
21,baseline,222.7159853400751,17,3.7069510096511977
21,baseline,222.7159853400751,18,3.7069510114366535
21,baseline,222.7159853400751,19,2.8576276000828917
21,baseline,222.7159853400751,20,2.857627600048395
21,baseline,222.7159853400751,21,2.857627600867283
27,physics,227.66024534236854,1,10577.04141314273
27,physics,227.66024534236854,2,10577.041419767776
27,physics,227.66024534236854,3,10577.04141342196
27,physics,227.66024534236854,4,776.3320244876606
27,physics,227.66024534236854,5,776.3320242390542
27,physics,227.66024534236854,6,776.3320244936253
27,physics,227.66024534236854,7,579.2006222358414
27,physics,227.66024534236854,8,579.200621985859
27,physics,227.66024534236854,9,579.2006222306894
27,physics,227.66024534236854,10,39.24419753864545
27,physics,227.66024534236854,11,39.24419746581193
27,physics,227.66024534236854,12,39.244197537657286
27,physics,227.66024534236854,13,9.3448776054167
27,physics,227.66024534236854,14,9.344877639373529
27,physics,227.66024534236854,15,9.34487760631212
27,physics,227.66024534236854,16,0.021314885397056303
27,physics,227.66024534236854,17,0.021314887035238678
27,physics,227.66024534236854,18,0.021314885423372187
27,physics,227.66024534236854,19,9.907389796835663e-06
27,physics,227.66024534236854,20,9.907353627397842e-06
27,physics,227.66024534236854,21,9.90738958409933e-06
27,baseline,227.66024534236854,1,252.04328292903006
27,baseline,227.66024534236854,2,252.0432828466789
27,baseline,227.66024534236854,3,252.04328293771601
27,baseline,227.66024534236854,4,190.67510857180065
27,baseline,227.66024534236854,5,190.67510850639613
27,baseline,227.66024534236854,6,190.67510857883042
27,baseline,227.66024534236854,7,66.8843187887205
27,baseline,227.66024534236854,8,66.88431877168166
27,baseline,227.66024534236854,9,66.8843187924005
27,baseline,227.66024534236854,10,52.35876412375583
27,baseline,227.66024534236854,11,52.35876411617447
27,baseline,227.66024534236854,12,52.35876412694024
27,baseline,227.66024534236854,13,46.28566325983543
27,baseline,227.66024534236854,14,46.28566325833107
27,baseline,227.66024534236854,15,46.285663262815156
27,baseline,227.66024534236854,16,43.60289347770765
27,baseline,227.66024534236854,17,43.60289347891403
27,baseline,227.66024534236854,18,43.60289348074612
27,baseline,227.66024534236854,19,37.42763796107124
27,baseline,227.66024534236854,20,37.42763796527771
27,baseline,227.66024534236854,21,37.42763796441597
30,physics,225.73580124858282,1,10184.906977040673
30,physics,225.73580124858282,2,10184.906983541752
30,physics,225.73580124858282,3,10184.906977314678
30,physics,225.73580124858282,4,887.3430677985393
30,physics,225.73580124858282,5,887.343067531074
30,physics,225.73580124858282,6,887.3430677982024
30,physics,225.73580124858282,7,655.6051294881153
30,physics,225.73580124858282,8,655.6051292210027
30,physics,225.73580124858282,9,655.6051294878271
30,physics,225.73580124858282,10,36.145271810061914
30,physics,225.73580124858282,11,36.14527174138254
30,physics,225.73580124858282,12,36.145271809519905
30,physics,225.73580124858282,13,5.616128517207532
30,physics,225.73580124858282,14,5.616128542730969
30,physics,225.73580124858282,15,5.616128517527871
30,physics,225.73580124858282,16,0.02283310840624011
30,physics,225.73580124858282,17,0.022833110115384258
30,physics,225.73580124858282,18,0.02283310843347709
30,physics,225.73580124858282,19,0.00010150974305024413
30,physics,225.73580124858282,20,0.0001015096299986522
30,physics,225.73580124858282,21,0.0001015097414609765
30,baseline,225.73580124858282,1,194.64231528582448
30,baseline,225.73580124858282,2,194.6423152134558
30,baseline,225.73580124858282,3,194.64231529345756
30,baseline,225.73580124858282,4,147.0020246293427
30,baseline,225.73580124858282,5,147.00202457101756
30,baseline,225.73580124858282,6,147.00202463560888
30,baseline,225.73580124858282,7,43.05137077171117
30,baseline,225.73580124858282,8,43.051370756391435
30,baseline,225.73580124858282,9,43.05137077465428
30,baseline,225.73580124858282,10,30.47942137424617
30,baseline,225.73580124858282,11,30.479421366809838
30,baseline,225.73580124858282,12,30.47942137657096
30,baseline,225.73580124858282,13,24.597780023480706
30,baseline,225.73580124858282,14,24.597780021420427
30,baseline,225.73580124858282,15,24.597780025649246
30,baseline,225.73580124858282,16,22.51386708003868
30,baseline,225.73580124858282,17,22.513867080197542
30,baseline,225.73580124858282,18,22.513867082165383
30,baseline,225.73580124858282,19,19.60345895732391
30,baseline,225.73580124858282,20,19.603458959460912
30,baseline,225.73580124858282,21,19.603458959520307
